{"cameraMode":{"drawMode":0,"name":"Shaded","section":"Shading Mode"},"sceneLighting":true,"audioPlay":false,"sceneViewState":{"showFog":true,"showMaterialUpdate":false,"showSkybox":true,"showFlares":true,"showImageEffects":true,"showParticleSystems":true},"in2DMode":false,"pivot":{"x":83.67520141601563,"y":96.02772521972656,"z":171.6340789794922},"rotation":{"x":-0.04345402866601944,"y":0.9565386176109314,"z":-0.2056894153356552,"w":-0.2020789384841919},"size":43.25541687011719,"orthographic":true}